package,layer,framework,DR/NDR,Category,Subcategory,Comment
pic2vec,2,tensorflow,DR,CV,,
faceservice,2,tensorflow,\,,,404
melusine,2,tensorflow,DR,NLP,,
cvae,2,tensorflow,NDR,Model,,
JarvisAI,2,tensorflow,DR,NLP,,Chatbot
cdacal,2,tensorflow,\,,,
tf-fits,2,tensorflow,DR,Physics,,Astronomy
tensorfree,2,tensorflow,DR,CV,,
hcai-nova-server,2,tensorflow,\,,,
desc,2,tensorflow,DR,Biology,,
punctuator-isl,2,tensorflow,DR,NLP,,
ceml,2,tensorflow,NDR,Explainability,,
loganalysispackage,2,tensorflow,\,,,
tf-plan,2,tensorflow,DR,RL,,
upswingutil,2,tensorflow,\,,,
adpkdsupporttool,2,tensorflow,DR,Medicine,,
mimir-visualizer,2,tensorflow,\,,,404
digcommpy,2,tensorflow,DR,Physics,,
BSPPypi3,2,tensorflow,DR,CV,,
mapyllary,2,tensorflow,DR,CV,,
recsim-ng,2,tensorflow,DR,RecSys,,
snntoolbox,2,tensorflow,NDR,Conversion,,
vtorch,2,tensorflow,DR,NLP,,
progen-transformer,2,tensorflow,DR,Biology,,
habana-tensorflow,2,tensorflow,NDR,Training,,
StrawberryFields,2,tensorflow,DR,Other,,Quantum
aesahaettr,2,tensorflow,DR,Physics,,
monk-cuda92,2,tensorflow,DR,CV,,
tigerseg,2,tensorflow,DR,Medicine,,
monk-cuda92-test,2,tensorflow,DR,CV,,
stardist-napari,2,tensorflow,DR,CV,,
chatspace,2,tensorflow,DR,NLP,,
gdemandfcast,2,tensorflow,DR,Time Series,,
pyturbo,2,tensorflow,\,,,404
tensorflow-scientific,2,tensorflow,NDR,Framework,,
histomicstk,2,tensorflow,DR,Medicine,,
loganary-ranking,2,tensorflow,DR,RecSys,,
video-facenet,2,tensorflow,DR,CV,,
deepfeatx,2,tensorflow,\,,,404
crystal4D,2,tensorflow,DR,Physics,,
anyrl,2,tensorflow,DR,RL,,
xplainet,2,tensorflow,NDR,Explainability,,
notedrive,2,tensorflow,\,,,404
BERTVector,2,tensorflow,DR,NLP,,
openspacetrainenv,2,tensorflow,DR,CV,,
mcnn,2,tensorflow,NDR,Framework,,
convo-new-version-abdo,2,tensorflow,DR,NLP,,Chatbot
B-profiler,2,tensorflow,\,,,
chitra,2,tensorflow,NDR,Framework,,
xiRT,2,tensorflow,DR,Biology,,
pyCeterisParibus,2,tensorflow,NDR,Explainability,,
vineyard-ml,2,tensorflow,NDR,Data,,
convo-engine,2,tensorflow,DR,NLP,,Chatbot
iracema,2,tensorflow,DR,Audio,,
abmarl,2,tensorflow,DR,RL,,
ccAF,2,tensorflow,DR,Biology,,
facex,2,tensorflow,DR,CV,,
mingdongnlp,2,tensorflow,DR,NLP,,
xmnlp,2,tensorflow,DR,NLP,,
benderthon,2,tensorflow,NDR,Deployment,,
mroi-fd,2,tensorflow,DR,CV,,
densenet,2,tensorflow,DR,CV,,
image-classifier,2,tensorflow,DR,CV,,
tempocnn,2,tensorflow,DR,Audio,,
curvlearn,2,tensorflow,NDR,Framework,,
lightelligence-model-visualization,2,tensorflow,NDR,Monitoring,,Visualization
headliner,2,tensorflow,DR,NLP,,
rodan,2,tensorflow,\,,,
russtress,2,tensorflow,DR,NLP,,
dvt,2,tensorflow,DR,CV,,
ucbshift,2,tensorflow,DR,Chemistry,,
embedding-as-service,2,tensorflow,DR,NLP,,
visual-search-nets,2,tensorflow,DR,CV,,
facenet-sandberg,2,tensorflow,DR,CV,,
virtual-scanner,2,tensorflow,DR,Medicine,,
fedot,2,tensorflow,NDR,AutoML,,
CarDEC,2,tensorflow,DR,Biology,,
google-nucleus,2,tensorflow,DR,Biology,,
hellohello,2,tensorflow,\,,,
lingvo,2,tensorflow,\,,,
jhsp,2,tensorflow,\,,,
spacy-combo,2,tensorflow,DR,NLP,,
segmentpy,2,tensorflow,DR,CV,,
sonnia,2,tensorflow,DR,Chemistry,,
redbrick-sdk,2,tensorflow,NDR,Deployment,,
keras-eval,2,tensorflow,DR,Medicine,,
tfhelper,2,tensorflow,NDR,Wrapper,,
pylat,2,tensorflow,DR,NLP,,
ganondorf,2,tensorflow,DR,Medicine,,
ktext,2,tensorflow,DR,NLP,,
cell-tracking-bc,2,tensorflow,DR,Biology,,
tf-siren,2,tensorflow,DR,CV,,
deepse,2,tensorflow,DR,NLP,,
sktime-dl,2,tensorflow,DR,Time Series,,
tensordiffeq,2,tensorflow,DR,Physics,,
dial-gui,2,tensorflow,NDR,Monitoring,,Visualization
a3t,2,tensorflow,DR,NLP,,
image-caption-generator-elizastarr,2,tensorflow,DR,CV,,
Junkyard,2,tensorflow,\,,,404
tensorshow,2,tensorflow,NDR,Monitoring,,Visualization
CoNSEPT,2,tensorflow,DR,Biology,,
Itachi,2,tensorflow,DR,NLP,,
nyoka,2,tensorflow,NDR,Conversion,,
tf-spectral,2,tensorflow,DR,Physics,,
tgan,2,tensorflow,DR,NLP,,
nefesi,2,tensorflow,\,,,404
grai-profiler-one-vip,2,tensorflow,\,,,
hyperparameter-hunter,2,tensorflow,NDR,Optimization,,
datascience-toolkits,2,tensorflow,NDR,Wrapper,,
fromTxtToVec,2,tensorflow,DR,NLP,,
mabandit,2,tensorflow,DR,RL,,
tf2show,2,tensorflow,NDR,Monitoring,,Visualization
gptf,2,tensorflow,NDR,Model,,
datature-hub,2,tensorflow,NDR,Deployment,,
simple-converge,2,tensorflow,NDR,Training,,
TFNeuralNetworks,2,tensorflow,NDR,Wrapper,,
audiomodels,2,tensorflow,DR,Audio,,
gimmick,2,tensorflow,DR,CV,,
color2vec,2,tensorflow,DR,NLP,,
covid19-detection,2,tensorflow,DR,Medicine,,
euler2-gl,2,tensorflow,DR,Other,,Graph
chatbot-nlu,2,tensorflow,DR,NLP,,Chatbot
coral-ordinal,2,tensorflow,NDR,Model,,
bullseye_method,2,tensorflow,NDR,Model,,
entity-embeddings-categorical,2,tensorflow,DR,NLP,,
isofit,2,tensorflow,DR,Other,,Geography
pyDSlib,2,tensorflow,NDR,Wrapper,,
tfserve,2,tensorflow,NDR,Deployment,,
fastism,2,tensorflow,DR,Biology,,
seedoku,2,tensorflow,DR,CV,,
grace-qui-face-mask-detection-model,2,tensorflow,DR,CV,,
Simba-UW-tf-dev,2,tensorflow,DR,CV,,
craynn,2,tensorflow,\,,,404
keras-surgeon,2,tensorflow,NDR,Compression,,
tfaip,2,tensorflow,NDR,Framework,,
VideoChatBot,2,tensorflow,DR,NLP,,Chatbot
hcai-models,2,tensorflow,\,,,
snare-ml,2,tensorflow,NDR,Compression,,
Surreal,2,tensorflow,DR,RL,,
aletheia-relunet-unwrapper,2,tensorflow,NDR,Explainability,,
mtnlpmodel,2,tensorflow,DR,NLP,,
convo-nl2,2,tensorflow,DR,NLP,,Chatbot
mantis-ml,2,tensorflow,DR,Biology,,
deepbgc,2,tensorflow,DR,Biology,,
twodlearn,2,tensorflow,NDR,Framework,,
sunriseces,2,tensorflow,\,,,
trelawney,2,tensorflow,NDR,Explainability,,
pyfiction,2,tensorflow,DR,RL,,
ospark,2,tensorflow,\,,,404
scScope,2,tensorflow,DR,Biology,,
pengu,2,tensorflow,DR,CV,,
keras-adamw,2,tensorflow,NDR,Optimization,,
mogptk,2,tensorflow,NDR,Model,,
rddl2tf,2,tensorflow,NDR,Conversion,,
ivis,2,tensorflow,NDR,Monitoring,,Visualization
fawkes,2,tensorflow,NDR,Privacy,,
vegasflow,2,tensorflow,NDR,Model,,
clarinpl-embeddings,2,tensorflow,DR,NLP,,
cdt-test,2,tensorflow,DR,Medicine,,
TrackEverything,2,tensorflow,DR,CV,,
medicalai,2,tensorflow,DR,Medicine,,
vitamin-b,2,tensorflow,NDR,Model,,
dnnviewer,2,tensorflow,NDR,Monitoring,,Visualization
simhandler,2,tensorflow,DR,Physics,,
keras-data-format-converter,2,tensorflow,NDR,Data,,
pyism,2,tensorflow,NDR,Model,,
ddsp,2,tensorflow,DR,Audio,,
CTRs,2,tensorflow,DR,RecSys,,
mcfly,2,tensorflow,DR,Time Series,,
scoach,2,tensorflow,NDR,Training,,
tf-big,2,tensorflow,NDR,Wrapper,,
qibo,2,tensorflow,DR,Other,,Quantum
tf2-vgpu,2,tensorflow,NDR,Training,,
tflite-model-maker-nightly,2,tensorflow,NDR,Deployment,,
automl-lib,2,tensorflow,NDR,AutoML,,
vidtrain,2,tensorflow,DR,Biology,,
neuralintents,2,tensorflow,DR,NLP,,Chatbot
pyvitae,2,tensorflow,DR,Biology,,
maskrcnnkeras,2,tensorflow,DR,CV,,
tflyrics,2,tensorflow,DR,NLP,,
dvm,2,tensorflow,DR,Biology,,Event Predction
huskarl,2,tensorflow,DR,RL,,
pd2tfrecord,2,tensorflow,NDR,Data,,
carla-recourse,2,tensorflow,NDR,Benchmark,,
A-profiler,2,tensorflow,\,,,
arkab,2,tensorflow,NDR,Framework,,
tf-encrypt,2,tensorflow,NDR,Privacy,,
magenta-gpu,2,tensorflow,DR,Audio,,
rasa-contrib,2,tensorflow,DR,NLP,,
persephone,2,tensorflow,DR,Audio,,
galsim-hub,2,tensorflow,DR,Physics,,Astronomy
tf-pde,2,tensorflow,NDR,Model,,
alibi,2,tensorflow,NDR,Explainability,,
easierai-common-functions,2,tensorflow,NDR,Wrapper,,
tensorflow-deploy-utils,2,tensorflow,NDR,Deployment,,
ludwig-myelin,2,tensorflow,NDR,AutoML,,
innatis,2,tensorflow,DR,NLP,,
tf-noisy-image-dataset,2,tensorflow,DR,CV,,
fer,2,tensorflow,DR,CV,,
pytorch-es,2,tensorflow,DR,RL,,
tf-crf-layer,2,tensorflow,NDR,Model,,
email-text-classify,2,tensorflow,\,,,
inceptiontube,2,tensorflow,DR,CV,,
bmstu-ovchinnikov-capsnet,2,tensorflow,NDR,Model,,
datupapi,2,tensorflow,NDR,Deployment,,
tensorflow-kernels,2,tensorflow,NDR,Model,,
py-serv,2,tensorflow,NDR,Deployment,,
beefly,2,tensorflow,NDR,Monitoring,,Visualization
moodleinspire,2,tensorflow,NDR,Framework,,
siVAE,2,tensorflow,NDR,Model,,
ingine,2,tensorflow,NDR,Wrapper,,
Omnis,2,tensorflow,\,,,
cressp2,2,tensorflow,DR,Biology,,
xanthus,2,tensorflow,DR,RecSys,,
commonMethods-zhaozl,2,tensorflow,\,,,
monk-keras-cuda100,2,tensorflow,DR,CV,,
expert-mst,2,tensorflow,DR,Biology,,
numericalpoissongeometry,2,tensorflow,DR,CV,,Geometry
train-unet,2,tensorflow,DR,Medicine,,
pydta-test,2,tensorflow,\,,,
gordo,2,tensorflow,NDR,Deployment,,
chia,2,tensorflow,NDR,Training,,
picsellia-tf2,2,tensorflow,DR,CV,,
megnet,2,tensorflow,DR,Chemistry,,
keract,2,tensorflow,NDR,Wrapper,,
unityagents,2,tensorflow,DR,RL,,
inaSpeechSegmenter,2,tensorflow,DR,Audio,,
drlgeb,2,tensorflow,,,,
librec-auto,2,tensorflow,,,,
AutoChatbot,2,tensorflow,,,,
tfds-korean,2,tensorflow,,,,
aisaratuners,2,tensorflow,,,,
tensorflow-play,2,tensorflow,,,,
baseten,2,tensorflow,,,,
crossedwires,3,tensorflow,NDR,Optimization,,
dffml-model-tensorflow-hub,3,tensorflow,DR,NLP,,
mathy,3,tensorflow,DR,RL,,
pyhumour,3,tensorflow,DR,NLP,,
metahuman,3,tensorflow,\,,,
perceptilabs,3,tensorflow,DR,Medicine,,
deepflash2,3,tensorflow,DR,Biology,,
ms2rescore,3,tensorflow,\,,,
let-me-answer-for-you,3,tensorflow,DR,NLP,,
gdslib,3,tensorflow,DR,Physics,,
segmentation-pipeline,3,tensorflow,DR,CV,,
cde,3,tensorflow,\,,,
bavard,3,tensorflow,DR,NLP,,
acv-exp,3,tensorflow,NDR,Explainability,,
azureml-automl-dnn-nlp,3,tensorflow,DR,NLP,,
rasa-ext-plugin,3,tensorflow,DR,NLP,,
arkab,3,tensorflow,NDR,Framework,,
tfdsio,3,tensorflow,NDR,Data,,
Potofox,3,tensorflow,NDR,AutoML,,
SubBrainSegment,3,tensorflow,DR,Medicine,,
PLANBERT,3,tensorflow,DR,RecSys,,
nmrgnn,3,tensorflow,DR,Chemistry,,
stVAE,3,tensorflow,DR,CV,,
tfrecorder,3,tensorflow,NDR,Data,,
underthesea,3,tensorflow,DR,NLP,,
optimization-dashboard,3,tensorflow,NDR,Optimization,,
dltkdl,3,tensorflow,\,,,404
animalai-train,3,tensorflow,DR,RL,,
explainaboard,3,tensorflow,DR,NLP,,
poros,3,tensorflow,DR,NLP,,
ddsp,3,tensorflow,DR,Audio,,
zangorth-helpers,3,tensorflow,NDR,Wrapper,,
zfit-physics,3,tensorflow,DR,Physics,,
msexpert,3,tensorflow,\,,,404
paso,3,tensorflow,NDR,Framework,,
sonnia,3,tensorflow,DR,Biology,,
playground,3,tensorflow,DR,RL,,
sikufenci,3,tensorflow,DR,NLP,,
witwidget,3,tensorflow,NDR,Monitoring,,Visualization
polymuse-future,3,tensorflow,DR,Audio,,
hyperactive,3,tensorflow,NDR,Optimization,,
convo5,3,tensorflow,DR,NLP,,Chatbot
attention-tensorflow-mesh,3,tensorflow,NDR,Model,,
astrorapid,3,tensorflow,DR,Physics,,Astronomy
inn,3,tensorflow,DR,NLP,,
treform,3,tensorflow,DR,NLP,,
gplot,3,tensorflow,NDR,Monitoring,,Visualization
paddlenlp,3,tensorflow,DR,NLP,,
aebo,3,tensorflow,DR,Other,,Robot
blobcity,3,tensorflow,NDR,AutoML,,
piex,3,tensorflow,NDR,Framework,,
retinaface-pytorch,3,tensorflow,DR,CV,,
orion-ml,3,tensorflow,DR,Other,,Geography
paddle-tokenizer,3,tensorflow,DR,NLP,,
canaro,3,tensorflow,DR,CV,,
das,3,tensorflow,DR,Audio,,
dashes3,3,tensorflow,\,,,
tf-fastmri-data,3,tensorflow,DR,Medicine,,
tensorview,3,tensorflow,NDR,Monitoring,,Visualization
eaas,3,tensorflow,DR,NLP,,
pyleafarea,3,tensorflow,DR,CV,,
mlserver-alibi-detect,3,tensorflow,NDR,Deployment,,
TextLab,3,tensorflow,DR,NLP,,
magenta,3,tensorflow,DR,CV,,
tensorflow-wavelets,3,tensorflow,NDR,Model,,
onnx-tf,3,tensorflow,NDR,Conversion,,
malaya-gpu,3,tensorflow,DR,NLP,,
GenericNeuralAssistant,3,tensorflow,\,,,
metahuman-0.1,3,tensorflow,\,,,
top2vec,3,tensorflow,DR,NLP,,
misic-napari-plugin,3,tensorflow,DR,Biology,,
tfdsio,4,tensorflow,NDR,Data,,
categorical-embedder,4,tensorflow,DR,NLP,,
paddlehub,4,tensorflow,NDR,Model,,
paddlefsl,4,tensorflow,,,,
deluca,4,tensorflow,,,,
cloths-segmentation,4,tensorflow,,,,
capcruncher,4,tensorflow,,,,
check-orientation,4,tensorflow,,,,
DockerENT,4,tensorflow,,,,
genereg,4,tensorflow,,,,
espnet,4,tensorflow,,,,
tuhlbox,4,tensorflow,,,,
zangorth-streamlit,4,tensorflow,,,,
streamlitlearn,4,tensorflow,,,,
hopstools,4,tensorflow,,,,
bdrk,4,tensorflow,,,,
azureml-train-automl,4,tensorflow,,,,
winmltools,4,tensorflow,,,,
machine-learning-datasets,4,tensorflow,,,,
oracle-ads,4,tensorflow,,,,
mlprimitives,4,tensorflow,,,,
datascience-toolkits,4,tensorflow,,,,
categorical-embedder,4,tensorflow,,,,
bert-multitask-learning,4,tensorflow,,,,
omdenalore,4,tensorflow,,,,
midv500models,4,tensorflow,,,,
greenguard,4,tensorflow,,,,
tflite-model-maker-nightly,4,tensorflow,,,,
fairensics,4,tensorflow,,,,
rasa-contrib,4,tensorflow,,,,
rpunct,4,tensorflow,,,,
espnet-tts-frontend,4,tensorflow,,,,
dnnmodels,4,tensorflow,,,,
ailab-lite,4,tensorflow,,,,
gdslib,4,tensorflow,,,,
cellfinder,4,tensorflow,,,,
auto-query-cluster,4,tensorflow,,,,
retinaface-pytorch,4,tensorflow,,,,
people-segmentation,4,tensorflow,,,,
sports-news-collector,4,tensorflow,,,,
pynipt-plugin-uncch-camri,4,tensorflow,,,,
fairmlhealth,4,tensorflow,,,,
miping,4,tensorflow,,,,
tfdsio,4,tensorflow,,,,
farm-haystack,4,tensorflow,,,,
magenta,4,tensorflow,,,,
SiPANN,4,tensorflow,,,,
tff-utils,4,tensorflow,,,,
Orange3-MNE,4,tensorflow,,,,
happy-learning,4,tensorflow,,,,
animated-memory,4,tensorflow,,,,
tuneflow,4,tensorflow,,,,
simplexfmr-artifact,4,tensorflow,,,,
orion-ml,4,tensorflow,,,,
seacorenlp,4,tensorflow,,,,
notefight,4,tensorflow,,,,
emepy,4,tensorflow,,,,
genie-parser,4,tensorflow,,,,
syncnote,4,tensorflow,,,,
OpenNIR-XPM,4,tensorflow,,,,
mlsquare,4,tensorflow,,,,
espnet-model-zoo,4,tensorflow,,,,
aimodelshare,4,tensorflow,,,,
condolence-models,4,tensorflow,,,,
ais-wordnet-sim,4,tensorflow,,,,
smaberta,4,tensorflow,,,,
azureml-automl-runtime,4,tensorflow,,,,
espec,4,tensorflow,,,,
ukuxhumana,4,tensorflow,,,,
auto-orion,4,tensorflow,,,,
tensor2tensor,4,tensorflow,,,,
paddlehub,4,tensorflow,,,,
uncertainty-baselines,4,tensorflow,,,,
magenta-gpu,4,tensorflow,,,,
t5,4,tensorflow,,,,
Orange-3-MNE-Widgets,4,tensorflow,,,,
deepsegment,4,tensorflow,,,,
trax,4,tensorflow,,,,
cardea,4,tensorflow,,,,
description2process,4,tensorflow,,,,
IBATS-Huobi-Trader,4,tensorflow,,,,
tflite-model-maker,4,tensorflow,,,,
torchlite,4,tensorflow,,,,
mlops-tempo,4,tensorflow,,,,
musket-ml,4,tensorflow,,,,
azureml-train-automl-runtime,4,tensorflow,,,,
azureml-automl-core,4,tensorflow,,,,
mlbazaar,4,tensorflow,,,,
IBATS-BitMex-Trader,4,tensorflow,,,,
azureml-contrib-automl-dnn-vision,5,tensorflow,DR,CV,,
azureml-contrib-automl-dnn-vision,5,tensorflow,,,,
azureml-automl-dnn-vision,5,tensorflow,,,,
lecture-transcriber,5,tensorflow,,,,
azureml-automl-dnn-nlp,5,tensorflow,,,,
azureml-train-automl,5,tensorflow,,,,
azureml-contrib-automl-dnn-forecasting,5,tensorflow,,,,
text-gen,5,tensorflow,,,,
espnet,5,tensorflow,,,,
paddlex,5,tensorflow,,,,
bpnlp,5,tensorflow,,,,
paddlexrest,6,tensorflow,,,,
cogdl,2,pytorch,DR,Other,,Graph
pau,2,pytorch,NDR,Model,,
ai-core,2,pytorch,NDR,Framework,,
circFL-deep,2,pytorch,DR,Biology,,404
fonduer,2,pytorch,DR,NLP,,
gdrf,2,pytorch,NDR,Model,,
textflint,2,pytorch,DR,NLP,,
autoalbument,2,pytorch,DR,CV,,
dqc,2,pytorch,DR,Chemistry,,
mogrifier,2,pytorch,NDR,Model,,
deeprank,2,pytorch,DR,Biology,,
fastbert,2,pytorch,DR,NLP,,
simple-hierarchy-pytorch,2,pytorch,NDR,Framework,,
torchio,2,pytorch,DR,Medicine,,
toy,2,pytorch,\,,,
monk-pytorch-cuda102,2,pytorch,DR,CV,,
TripletTorch,2,pytorch,DR,CV,,
quarks2-fractal,2,pytorch,DR,CV,,
pandatorch,2,pytorch,NDR,Data,,
time-series-transformer,2,pytorch,DR,Time Series,,
FFTA,2,pytorch,DR,Chemistry,,
wav2clip,2,pytorch,DR,Audio,,
luz,2,pytorch,NDR,Framework,,
torchfunc-nightly,2,pytorch,NDR,Monitoring,,Profiler
cca-zoo,2,pytorch,NDR,Framework,,
mwptoolkit,2,pytorch,DR,NLP,,
vsbasicvsrpp,2,pytorch,DR,CV,,
nixtlats,2,pytorch,DR,Time Series,,
kogpt2-transformers,2,pytorch,DR,NLP,,
torchrecorder,2,pytorch,NDR,Monitoring,,Visualization
metlibvi,2,pytorch,NDR,Model,,
stVAE,2,pytorch,DR,Biology,,
grai-Profiler,2,pytorch,\,,,
fvgp,2,pytorch,NDR,Model,,
hopsparser,2,pytorch,DR,NLP,,
odds,2,pytorch,DR,Other,,AD
avaxtar,2,pytorch,DR,NLP,,
res-mlp-pytorch,2,pytorch,DR,CV,,
junkdetect,2,pytorch,DR,CV,,
datastacks,2,pytorch,NDR,Data,,
sacking,2,pytorch,DR,RL,,
cplxmodule,2,pytorch,NDR,Model,,
posecamera,2,pytorch,DR,CV,,
bottleneck-transformer-pytorch,2,pytorch,DR,CV,,
westac-parlaclarin-pipeline,2,pytorch,NDR,Data,,
rxnfp,2,pytorch,DR,Chemistry,,
ucbshift,2,pytorch,DR,Chemistry,,
laplace-torch,2,pytorch,NDR,Optimization,,
ribodetector,2,pytorch,DR,Biology,,
baal,2,pytorch,NDR,Framework,,
thop,2,pytorch,NDR,Monitoring,,Profiler
TorchDiffEqPack,2,pytorch,NDR,Framework,,
geotorch,2,pytorch,NDR,Optimization,,
pytorch-nlp,2,pytorch,DR,NLP,,404
conformer-rl,2,pytorch,DR,RL,,
thumt,2,pytorch,DR,NLP,,
mockInterview,2,pytorch,DR,NLP,,404
echo-lv,2,pytorch,DR,Medicine,,
speechbrain,2,pytorch,DR,Audio,,
data-stack,2,pytorch,NDR,Data,,
musicae,2,pytorch,DR,Audio,,
resnest,2,pytorch,DR,CV,,
causal-selection,2,pytorch,DR,NLP,,
frenchnlp,2,pytorch,DR,NLP,,
torch-audiomentations,2,pytorch,DR,Audio,,
perturb-tools,2,pytorch,DR,Biology,,404
sktmls,2,pytorch,\,,,
condensa,2,pytorch,NDR,Compression,,
depp,2,pytorch,DR,Biology,,
affordable,2,pytorch,DR,RL,,
deepforest-pytorch,2,pytorch,DR,CV,,
vectorops,2,pytorch,\,,,
tensorcheck,2,pytorch,NDR,Data,,
pytorch-transformers-pvt-nightly,2,pytorch,DR,NLP,,
deepnog,2,pytorch,DR,Biology,,
3d-connectX-env,2,pytorch,DR,RL,,
yolov5evaluator,2,pytorch,DR,CV,,
mix-mavis,2,pytorch,\,,,404
zisan,2,pytorch,DR,CV,,404
ilpyt,2,pytorch,DR,RL,,
kagemeka,2,pytorch,\,,,404
vsrife,2,pytorch,DR,CV,,
norse,2,pytorch,NDR,Framework,,
timesformer-pytorch,2,pytorch,DR,Time Series,,
datasetinsights,2,pytorch,NDR,Data,,
dl-ext,2,pytorch,\,,,
proximal-gradient,2,pytorch,NDR,Optimization,,
B-profiler,2,pytorch,\,,,
rfconv,2,pytorch,NDR,Model,,
efficientnet-lite-pytorch,2,pytorch,DR,CV,,
audio2text,2,pytorch,DR,Audio,,
dssm,2,pytorch,DR,NLP,,
fdet-offline-mobilenet-weights,2,pytorch,DR,CV,,
QGrain,2,pytorch,DR,Other,,Geography
stanfordnlp,2,pytorch,DR,NLP,,
unipose,2,pytorch,DR,CV,,
homura-core,2,pytorch,NDR,Framework,,
x-deep,2,pytorch,NDR,Explainability,,
torchmed,2,pytorch,DR,Medicine,,
pyhac,2,pytorch,DR,CV,,
clip-retrieval,2,pytorch,DR,CV,,
interpret-text,2,pytorch,DR,NLP,,
torch-text-classifier,2,pytorch,DR,NLP,,
rdv,2,pytorch,NDR,Data,,
JT-Techfield,2,pytorch,\,,,
face-detection,2,pytorch,DR,CV,,
ESRNN,2,pytorch,DR,Time Series,,
anime-face-detector,2,pytorch,DR,CV,,
torchmcubes,2,pytorch,\,,,
eye2you,2,pytorch,DR,Medicine,,
tablearn,2,pytorch,\,,,
ontolearn,2,pytorch,NDR,Explainability,,
pytorch-bert,2,pytorch,DR,NLP,,
textformer,2,pytorch,DR,NLP,,
torchwisdom,2,pytorch,NDR,Framework,,
pytorch_revgrad,2,pytorch,NDR,Model,,
explainable-ai-image-measures,2,pytorch,NDR,Explainability,,404
madminer,2,pytorch,DR,Physics,,
name-entity-extraction-for-contextual-embedding,2,pytorch,DR,NLP,,
dask-pytorch-ddp,2,pytorch,NDR,Training,,
sinzident,2,pytorch,\,,,
Sagitta,2,pytorch,DR,Physics,,Astronomy
octid,2,pytorch,DR,Medicine,,
objifier,2,pytorch,DR,CV,,
involution-pytorch,2,pytorch,NDR,Model,,
unmass,2,pytorch,DR,NLP,,
ganslate,2,pytorch,DR,CV,,
omdenalore,2,pytorch,NDR,Framework,,
aft-pt,2,pytorch,NDR,Model,,
sbibm,2,pytorch,DR,Physics,,
sc2env,2,pytorch,DR,RL,,
boolean-question,2,pytorch,DR,NLP,,
pycollector,2,pytorch,DR,CV,Fairness,
scTAPE,2,pytorch,DR,Biology,,
gga-csm,2,pytorch,NDR,Robustness,,
transfomers-controllers,2,pytorch,DR,NLP,,
pull-the-pitcher,2,pytorch,DR,Time Series,,404
winningticket,2,pytorch,NDR,Compression,,
torchbench,2,pytorch,NDR,Benchmark,,
ddlk,2,pytorch,NDR,Model,,
rational-activations-cu102,2,pytorch,NDR,Model,,
sabhi-utils,2,pytorch,DR,CV,,404
storeweights,2,pytorch,NDR,Wrapper,,
molecule-attention-transformer,2,pytorch,DR,Physics,,
jiant,2,pytorch,DR,NLP,,
dwtls,2,pytorch,NDR,Model,,
firelight,2,pytorch,NDR,Monitoring,,Visualization
pysentimiento,2,pytorch,DR,NLP,,
learnergy,2,pytorch,NDR,Framework,,
numericalpoissongeometry,2,pytorch,DR,CV,,Geometry
SENDA,2,pytorch,DR,NLP,,
aiqc,2,pytorch,NDR,Framework,,
training-grounds,2,pytorch,NDR,Training,,404
DynEnv,2,pytorch,DR,RL,,
jax-lightning,2,pytorch,NDR,Framework,,
torch-simplify,2,pytorch,NDR,Compression,,
NXTfusion,2,pytorch,DR,Biology,,
pytorch-lightning-data,2,pytorch,\,,,
vamb,2,pytorch,DR,Biology,,
routing-transformer,2,pytorch,NDR,Model,,
mlbench-core,2,pytorch,NDR,Benchmark,,
deepgen,2,pytorch,DR,CV,,
syft,2,pytorch,NDR,Privacy,,
harzvatool,2,pytorch,\,,,404
physiossl,2,pytorch,DR,Medicine,,
mle-toolbox,2,pytorch,\,,,404
pydta,2,pytorch,DR,Medicine,,
transganformer,2,pytorch,NDR,Model,,
pyshell-reduce,2,pytorch,\,,,404
ETAF,2,pytorch,NDR,Framework,,
torch-specinv,2,pytorch,DR,Audio,,
torchdiffeq,2,pytorch,NDR,Model,,
collaborative-filtering,2,pytorch,DR,RecSys,,
torchutils,2,pytorch,NDR,Wrapper,,
geffnet,2,pytorch,DR,CV,,
tmh,2,pytorch,DR,Audio,,
codemix,2,pytorch,\,,,404
helen,2,pytorch,DR,Biology,,
kwarray,2,pytorch,NDR,Wrapper,,
fastai-minima,2,pytorch,NDR,Wrapper,,
unity-2dmocap,2,pytorch,DR,CV,,
nlp-gym,2,pytorch,DR,NLP,,
germansentiment,2,pytorch,DR,NLP,,
ptflops,2,pytorch,NDR,Monitoring,,Profiler
lazy-text-predict,2,pytorch,DR,NLP,,
deform-conv2d-onnx-exporter,2,pytorch,NDR,Conversion,,
sikufenci,2,pytorch,DR,NLP,,
tiftool,2,pytorch,\,,,404
nlpbook,2,pytorch,NDR,Tutorial,,
rts-package,2,pytorch,\,,,
fcastle,2,pytorch,\,,,404
jump-reward-inference,2,pytorch,DR,Audio,,
pydata-wrangler,2,pytorch,NDR,Data,,
stannetflow,2,pytorch,DR,Time Series,,
fast-transformer-pytorch,2,pytorch,DR,NLP,,
allennlp,2,pytorch,DR,NLP,,
hijax,2,pytorch,\,,,404
megatron-lm,2,pytorch,DR,NLP,,
table-reconstruction,2,pytorch,DR,CV,,
kapture,2,pytorch,DR,CV,,
keyextractor,2,pytorch,DR,NLP,,
fairseq,2,pytorch,DR,NLP,,
vdrnn,2,pytorch,\,,,404
bpnlp,2,pytorch,DR,NLP,,
dlg-home-content,2,pytorch,\,,,404
fitsdataset,2,pytorch,DR,Physics,,Astronomy
daimensions-mac-python3.9,2,pytorch,NDR,Framework,,
torchort,2,pytorch,NDR,Training,,
bluesearch,2,pytorch,DR,NLP,,
RL-for-reco,2,pytorch,DR,RecSys,,
xt-nlp,2,pytorch,DR,NLP,,
adafdr,2,pytorch,NDR,Data,,
torchgeometry,2,pytorch,DR,CV,,
bio-embeddings-plus,2,pytorch,DR,Biology,,
machin,2,pytorch,DR,RL,,
TLAF,2,pytorch,DR,NLP,,
scglue,2,pytorch,DR,Biology,,
pooraka,2,pytorch,DR,CV,,
tamnun,2,pytorch,DR,NLP,,
parlai,2,pytorch,DR,NLP,,
radcam,2,pytorch,\,,,404
nmtlab,2,pytorch,DR,NLP,,
neureca,2,pytorch,DR,RecSys,,
mlgym,2,pytorch,NDR,Training,,
nlp-basictasks,2,pytorch,DR,NLP,,
zincbase,2,pytorch,DR,Other,,Graph
testangle,2,pytorch,DR,RL,,
espnet,2,pytorch,DR,Audio,,
scETM,2,pytorch,DR,Biology,,
ai-graphics-gpu,2,pytorch,\,,,404
narsil,2,pytorch,DR,Biology,,
cannai,2,pytorch,NDR,Monitoring,,Visualization
machine-number-sense,2,pytorch,DR,CV,,
libzero,2,pytorch,NDR,Wrapper,,
custom-glue,2,pytorch,\,,,404
soco-encoders,2,pytorch,\,,,404
D-profiler,2,pytorch,\,,,
Heimdallr,2,pytorch,NDR,Wrapper,,
pymarlin,2,pytorch,NDR,Training,,
fcd-torch,2,pytorch,DR,Medicine,,
scArchest,2,pytorch,DR,Biology,,
fannypack,2,pytorch,NDR,Training,,
farmer-pytorch,2,pytorch,DR,CV,,
tez,2,pytorch,NDR,Training,,
n-sphere,2,pytorch,NDR,Data,,
dcgan-pytorch,2,pytorch,DR,CV,,
Agent-Smith,2,pytorch,DR,RL,,
vectorplot-explore,2,pytorch,\,,,404
unbalancedgw,2,pytorch,NDR,Optimization,,
obfuscation-detection,2,pytorch,DR,Other,,Software
linformer,2,pytorch,NDR,Model,,
autoconvo,2,pytorch,NDR,Wrapper,,
LASER,2,pytorch,NDR,Training,,
thermostat-datasets,2,pytorch,DR,NLP,,
torchprofile,2,pytorch,NDR,Monitoring,,Profiler
wk-classify,2,pytorch,NDR,Wrapper,,
nam-pt,2,pytorch,NDR,Model,,
pyHDX,2,pytorch,DR,Biology,,
rnaglib,2,pytorch,DR,Biology,,
torchpq,2,pytorch,NDR,Model,,
pyspacer,2,pytorch,DR,Other,,Geography
ai4bharat-transliteration,2,pytorch,DR,NLP,,
dffml-model-pytorch,2,pytorch,\,,,404
torcherry,2,pytorch,NDR,Wrapper,,
lis,2,pytorch,NDR,Wrapper,,
KR-Models,2,pytorch,DR,CV,,
trial-pkg-mb-2,2,pytorch,DR,Medicine,,
pythaiasr,2,pytorch,DR,Audio,,
hexagdly,2,pytorch,DR,Physics,,
hnlp,2,pytorch,DR,NLP,,
meta-ml,2,pytorch,NDR,AutoML,,
batch-face,2,pytorch,DR,CV,,
asranger,2,pytorch,NDR,Optimization,,
traintool,2,pytorch,NDR,Training,,
m6anet,2,pytorch,DR,Biology,,
ai-projects,2,pytorch,DR,RL,,
mlops-sdk,2,pytorch,\,,,
biotorch,2,pytorch,DR,Biology,,
dnnf,2,pytorch,NDR,Robustness,,
scattering-compositional-learner,2,pytorch,DR,Other,,Causal
nfnets-pytorch,2,pytorch,NDR,Optimization,,
asranger,2,pytorch,,,,
brainome-linux-python3.8,2,pytorch,,,,
mlagents,2,pytorch,,,,
eeyore,2,pytorch,,,,
e3nn,2,pytorch,,,,
ETAF,2,pytorch,,,,
e2cnn,2,pytorch,,,,
dlg-home-content,2,pytorch,,,,
wavaugment,2,pytorch,,,,
adaptnlp,3,pytorch,DR,NLP,,
neuralcompression,3,pytorch,DR,CV,,
causing,3,pytorch,DR,Other,,Causal
medicaltorch,3,pytorch,DR,Medicine,,
lightVision,3,pytorch,\,,,404
norse,3,pytorch,NDR,Framework,,
allennlp-server,3,pytorch,NDR,Deployment,,
ml4a,3,pytorch,DR,CV,,
recnn,3,pytorch,DR,RecSys,,
piqa,3,pytorch,DR,CV,,
multi-task-nmt-lawhy,3,pytorch,DR,NLP,,
ai-core,3,pytorch,NDR,Framework,,
asdeep,3,pytorch,\,,,404
facenet-pytorch,3,pytorch,DR,CV,,
tootorch,3,pytorch,DR,CV,,
alfworld,3,pytorch,\,,,
vlpi,3,pytorch,DR,Medicine,,
phages2050,3,pytorch,DR,Biology,,
fasthugs,3,pytorch,DR,NLP,,
prescient,3,pytorch,DR,Biology,,
sisua,3,pytorch,DR,Biology,,
vissl,3,pytorch,DR,CV,,
torchmetrics,3,pytorch,NDR,Monitoring,,Metrics
wot,3,pytorch,DR,Biology,,
textbook,3,pytorch,DR,NLP,,
quarks2-fractal,3,pytorch,DR,CV,,
ETAF,3,pytorch,NDR,Federated,,
datastacks,3,pytorch,NDR,Data,,
pytouch,3,pytorch,DR,Other,,Robot
perceptilabs,3,pytorch,DR,Medicine,,
pytorch-crop-dataset,3,pytorch,\,,,404
finbert-embedding,3,pytorch,DR,NLP,,
lafomo,3,pytorch,NDR,Model,,
fastestimator,3,pytorch,NDR,Framework,,
knodle,3,pytorch,DR,NLP,,
fastrl,3,pytorch,DR,RL,,
tonic,3,pytorch,DR,CV,,
hypertag,3,pytorch,DR,NLP,,
avaxtar,3,pytorch,DR,NLP,,
face-detection,3,pytorch,DR,CV,,
perceptilabs-gpu,3,pytorch,DR,Medicine,,
df3dbehav,3,pytorch,DR,CV,,
foogoo,3,pytorch,DR,RecSys,,
nteu-corporate-engine,3,pytorch,\,,,
capreolus,3,pytorch,DR,NLP,,
rctorch-private,3,pytorch,\,,,404
geniverse,3,pytorch,\,,,404
olympic,3,pytorch,NDR,Wrapper,,
libyata,3,pytorch,DR,Audio,,
ptlflow,3,pytorch,DR,Physics,,Optical Flow
pytorch-hyperlight,3,pytorch,NDR,Wrapper,,
object-detection-fastai,3,pytorch,DR,CV,,
bundestag,3,pytorch,\,,,
bpdatasets,3,pytorch,DR,NLP,,Chatbot
pistarlab,3,pytorch,DR,RL,,
deepflash2,3,pytorch,DR,Biology,,
nucleaizer-backend,3,pytorch,\,,,404
ptk-patrickctrf,3,pytorch,\,,,
bert-deid,3,pytorch,DR,NLP,,
tars,3,pytorch,\,,,
labml-python-autocomplete,3,pytorch,DR,Other,,Software
akkadian,3,pytorch,DR,NLP,,
mlcomp,3,pytorch,NDR,Framework,,
ecgkit,3,pytorch,DR,Medicine,,
pyOsirix,3,pytorch,DR,Medicine,,
causalml,3,pytorch,DR,Other,,Causal
pyTextMiner,3,pytorch,DR,NLP,,
threedfit,3,pytorch,\,,,
colossalai,3,pytorch,NDR,Training,,
sabhi-utils,3,pytorch,\,,,
qary,3,pytorch,DR,NLP,,Chatbot
bio-embeddings-deepblast,3,pytorch,DR,Biology,,
mlmodels,3,pytorch,NDR,Model,,
audiozen,3,pytorch,\,,,
allenpoly,3,pytorch,DR,NLP,,
pytorch-widedeep,3,pytorch,NDR,Framework,,
diagnnose,3,pytorch,NDR,Monitoring,,Profiler
molmapnets,3,pytorch,DR,Chemistry,,
alternat,3,pytorch,DR,NLP,,
y5gg,3,pytorch,DR,CV,,
monk-pytorch-cuda92-test,3,pytorch,DR,CV,,
sc-tools,3,pytorch,DR,Biology,,
NaMAZU,3,pytorch,NDR,Model,,
density_forest,3,pytorch,NDR,Monitoring,,Profiler
variantworks,3,pytorch,DR,Biology,,
moai-mdk,3,pytorch,NDR,Framework,,
yolo7,3,pytorch,DR,CV,,
cait,3,pytorch,DR,Physics,,
performer-pytorch,3,pytorch,NDR,Model,,
pybpod-gui-plugin-alyx,3,pytorch,DR,Biology,,
lightKG,3,pytorch,DR,Other,,Graph
moleculex,3,pytorch,DR,Chemistry,,
torchaudio-augmentations,3,pytorch,DR,Audio,,
vestige-clean,3,pytorch,DR,Other,,Software
ai-python,3,pytorch,\,,,
steganogan,3,pytorch,DR,CV,,
lis,3,pytorch,NDR,Wrapper,,
medical-shape,3,pytorch,DR,Medicine,,
pytorchyolo,3,pytorch,DR,CV,,
natex,3,pytorch,DR,NLP,,
thai-personal-card-extract,3,pytorch,DR,CV,,
gym-simplifiedtetris,3,pytorch,DR,RL,,
recsys-slates-dataset,3,pytorch,DR,RecSys,,
nlp-tarte,3,pytorch,DR,NLP,,
cycIFAAP,3,pytorch,DR,Biology,,
KR-Models,3,pytorch,DR,CV,,
etna-ts,3,pytorch,DR,Time Series,,
ZZ-profiler,3,pytorch,\,,,
pytorch-ard,3,pytorch,NDR,Compression,,
geotime-classify,3,pytorch,DR,NLP,,
BoltRP,3,pytorch,\,,,
pysr,3,pytorch,NDR,AutoML,,
pepper-polish,3,pytorch,DR,Biology,,
torch-dreams,3,pytorch,DR,CV,,
torch-pitch-shift,3,pytorch,DR,Audio,,
heareval,3,pytorch,DR,Audio,,
torch-explain,3,pytorch,NDR,Explainability,,
GRR-profiler,3,pytorch,\,,,
colourize,3,pytorch,DR,CV,,
funsor,3,pytorch,NDR,Framework,,
boilr,3,pytorch,NDR,Training,,
RcTorch,3,pytorch,\,,,
fastestimator-nightly-test,3,pytorch,NDR,Framework,,
op-text,3,pytorch,DR,CV,,
fastmri,3,pytorch,DR,Medicine,,
NeodroidAgent,3,pytorch,DR,RL,,
trvaep,3,pytorch,NDR,Model,,
deepprot,3,pytorch,DR,Biology,,
fastrec,3,pytorch,DR,RecSys,,
voicefixer,3,pytorch,DR,Audio,,
mosaicml-composer,3,pytorch,NDR,Training,,
iatransfer-research,3,pytorch,NDR,Conversion,,
byol-pytorch,3,pytorch,DR,CV,,
auto-feature-extraction,3,pytorch,DR,CV,,
gracefml,3,pytorch,NDR,Framework,,
torchlit,3,pytorch,NDR,Wrapper,,
neuralqa,3,pytorch,DR,NLP,,
autograd-lib,3,pytorch,NDR,Wrapper,,
versign,3,pytorch,DR,CV,,
gpcam,3,pytorch,DR,Physics,,
plutotest,3,pytorch,\,,,
deeplense-domain-adaptation,3,pytorch,DR,Physics,,
IndexedConv,3,pytorch,NDR,Optimization,,
nextorch,3,pytorch,NDR,Optimization,,
pypifuhd,3,pytorch,DR,CV,,
zita,3,pytorch,DR,CV,,
grai-One-Vip-Profiler,3,pytorch,\,,,
people-segmentation,3,pytorch,DR,CV,,
decofre,3,pytorch,DR,Audio,,
atacworks,3,pytorch,DR,Biology,,
yucheng-ner,3,pytorch,DR,NLP,,
torchexpo,3,pytorch,NDR,Deployment,,
dalle-pytorch-dev,3,pytorch,DR,CV,,
DLtorch,3,pytorch,NDR,Framework,,
balautil,3,pytorch,NDR,Wrapper,,
hrv-lens,3,pytorch,DR,Medicine,,
faktotum,3,pytorch,DR,NLP,,
banet,3,pytorch,DR,Other,,Geography
perceptual-advex,3,pytorch,NDR,Robustness,,
Auto-Research,3,pytorch,DR,NLP,,
graph4nlp101,3,pytorch,DR,NLP,,
deepclustering,3,pytorch,DR,CV,,
zwnlp,3,pytorch,DR,NLP,,
breakhis-gradcam,3,pytorch,DR,Medicine,,
stribor,3,pytorch,NDR,Wrapper,,
t5,3,pytorch,DR,NLP,,
ml-workflow,3,pytorch,NDR,Framework,,
essmc2,3,pytorch,DR,CV,,
torch-yolo3,3,pytorch,DR,CV,,
natas,3,pytorch,DR,NLP,,
autoalbument,3,pytorch,DR,CV,,
PartNLP,3,pytorch,DR,NLP,,
LPCTorch,3,pytorch,DR,Audio,,
radtorch,3,pytorch,\,,,404
denoising-diffusion-pytorch,3,pytorch,NDR,Model,,
gerald-tools,3,pytorch,\,,,
pytorch-spear,3,pytorch,NDR,Robustness,,
transganformer,3,pytorch,NDR,Model,,
preprocess1,3,pytorch,NDR,Data,,
piq,3,pytorch,DR,CV,,
syn-nli,3,pytorch,DR,NLP,,
anime-face-detector,3,pytorch,DR,CV,,
etc-ml,3,pytorch,\,,,
sikufenci,3,pytorch,DR,NLP,,
wandb-allennlp,3,pytorch,,,,
nemo-toolkit,3,pytorch,,,,
S-profiler,3,pytorch,,,,
fastbook,3,pytorch,,,,
clip-retrieval,3,pytorch,,,,
monai,3,pytorch,,,,
mlmodels,4,pytorch,NDR,Model,,
hepynet,4,pytorch,DR,Physics,,
vardefunc,4,pytorch,DR,CV,,
dingeditranslate-custom,4,pytorch,DR,NLP,,
kpt,4,pytorch,\,,,
sabhi-utils,4,pytorch,\,,,
bdrk,4,pytorch,\,,,
pytouch,4,pytorch,DR,Other,,Robot
tmnt-cu101,4,pytorch,DR,NLP,,
tmnt,4,pytorch,DR,NLP,,
camphr-allennlp,4,pytorch,,,,
CXRsegmentation,4,pytorch,,,,
fastinference,4,pytorch,,,,
banet,4,pytorch,,,,
dl-pipeline,4,pytorch,,,,
pl-face-recognition,4,pytorch,,,,
murel.bootstrap.pytorch,4,pytorch,,,,
virtualreality,4,pytorch,,,,
maruti,4,pytorch,,,,
FireHR,4,pytorch,,,,
tkitAutoMark,4,pytorch,,,,
sjaandi,4,pytorch,,,,
rastervision,4,pytorch,,,,
unpackai,4,pytorch,,,,
alpaca-ml,4,pytorch,,,,
stVAE,4,pytorch,,,,
clh-utils,4,pytorch,,,,
translatehtml,4,pytorch,,,,
doctalk,4,pytorch,,,,
pybpod,4,pytorch,,,,
information,4,pytorch,,,,
fairensics,4,pytorch,,,,
tmnt,4,pytorch,,,,
devbio-napari,4,pytorch,,,,
sigurd,4,pytorch,,,,
bdrk,4,pytorch,,,,
plant-pathology,4,pytorch,,,,
libretranslate,4,pytorch,,,,
PyEmotion,4,pytorch,,,,
pytouch,4,pytorch,,,,
summertime,4,pytorch,,,,
lemonpie,4,pytorch,,,,
timeseries-fastai,4,pytorch,,,,
balautil,4,pytorch,,,,
nprintml,4,pytorch,,,,
alphafold2-pytorch,4,pytorch,,,,
corgie,4,pytorch,,,,
wikifaces-tford5,4,pytorch,,,,
hugdatafast,4,pytorch,,,,
navsim,4,pytorch,,,,
argos-translate-files,4,pytorch,,,,
rhelpers,4,pytorch,,,,
latechclfl2020besnier,4,pytorch,,,,
autodl-gpu,4,pytorch,,,,
wikifaces,4,pytorch,,,,
deep-piste,4,pytorch,,,,
flask-pie,4,pytorch,,,,
image-tabular,4,pytorch,,,,
Sirius-CXRsegmentation,4,pytorch,,,,
espnet,4,pytorch,,,,
zwspider,4,pytorch,,,,
pytorch-segmentation-models-trainer,4,pytorch,,,,
dl-ext,4,pytorch,,,,
jai,4,pytorch,,,,
flights-time-series-dataset,4,pytorch,,,,
fastai-xla-extensions,4,pytorch,,,,
fast-bert,4,pytorch,,,,
fast-neptune,4,pytorch,,,,
fastai-splunk,4,pytorch,,,,
Yikai-helper-funcs,4,pytorch,,,,
flowsy,4,pytorch,,,,
self-supervised,4,pytorch,,,,
pangeamt-tea,4,pytorch,,,,
deeplite-torch-zoo,4,pytorch,,,,
SuperconGAN,4,pytorch,,,,
autoalbument,4,pytorch,,,,
fastsom,4,pytorch,,,,
fastshapv1,4,pytorch,,,,
satflow,4,pytorch,,,,
netharn,4,pytorch,,,,
powerful-benchmarker,4,pytorch,,,,
preprocess1,4,pytorch,,,,
experiment-utils,4,pytorch,,,,
corpussearch,4,pytorch,,,,
borisml,4,pytorch,,,,
hepynet,4,pytorch,,,,
idsegmenter,4,pytorch,,,,
paddleocr-sabhi,4,pytorch,,,,
torchlite,4,pytorch,,,,
kwcoco,4,pytorch,,,,
pyriksprot,4,pytorch,,,,
wwf,4,pytorch,,,,
tuneup,4,pytorch,,,,
henrys-model-utils,4,pytorch,,,,
deepflash2,4,pytorch,,,,
cratergan,4,pytorch,,,,
dingedicustom-translate,4,pytorch,,,,
sdmetrics,4,pytorch,,,,
fastproaudio,4,pytorch,,,,
humpday,4,pytorch,,,,
fastsparse,4,pytorch,,,,
factsumm,4,pytorch,,,,
vardefunc,4,pytorch,,,,
table-linker,4,pytorch,,,,
zoegas,4,pytorch,,,,
libretranslate-euber,4,pytorch,,,,
SiriusN16CXRseg,4,pytorch,,,,
dingeditranslate-custom,4,pytorch,,,,
torchlife,4,pytorch,,,,
cloths-segmentation,4,pytorch,,,,
bpnlp,4,pytorch,,,,
torch-pixel-classifier,4,pytorch,,,,
kpt,4,pytorch,,,,
argostranslatefiles,4,pytorch,,,,
people-segmentation,4,pytorch,,,,
espiownage,4,pytorch,,,,
webpredict,4,pytorch,,,,
anime-face-detector,4,pytorch,,,,
nn-toolbox,4,pytorch,,,,
SiriusCXRseg,4,pytorch,,,,
nlpbook,4,pytorch,,,,
nemo-tts,4,pytorch,,,,
profetorch,4,pytorch,,,,
mask-recognition,4,pytorch,,,,
datacebo,4,pytorch,,,,
sparv-freeling,4,pytorch,,,,
deep-talk,4,pytorch,,,,
ndsampler,4,pytorch,,,,
pybpod-gui-plugin,4,pytorch,,,,
sdgym,4,pytorch,,,,
fast-rl,4,pytorch,,,,
pycarus,4,pytorch,,,,
dh-utils,4,pytorch,,,,
pd3f,4,pytorch,,,,
transfertab,4,pytorch,,,,
autoballs,4,pytorch,,,,
pixel-classifier-torch,4,pytorch,,,,
yikai-package,4,pytorch,,,,
wildbook-ia,4,pytorch,,,,
qashi,4,pytorch,,,,
psyneulink,4,pytorch,,,,
sabhi-utils,4,pytorch,,,,
mopnette,4,pytorch,,,,
timemachines,4,pytorch,,,,
keraTorch,4,pytorch,,,,
librec-auto,4,pytorch,,,,
mlmodels,4,pytorch,,,,
saai,4,pytorch,,,,
westac-parlaclarin-pipeline,4,pytorch,,,,
perutils,4,pytorch,,,,
nteu-corporate-engine,4,pytorch,,,,
cognify,4,pytorch,,,,
hydra-ax-sweeper,4,pytorch,,,,
devolearn,4,pytorch,,,,
allennlp-datalawyer,4,pytorch,,,,
SiriusCXR,4,pytorch,,,,
tkitTagger,4,pytorch,,,,
fairmlhealth,4,pytorch,,,,
kwplot,4,pytorch,,,,
deepecho-benchmark,4,pytorch,,,,
mrspuff,4,pytorch,,,,
debandshit,5,pytorch,DR,CV,,
timemachines,5,pytorch,DR,Time Series,,
odious,5,pytorch,,,,
cylleneus,5,pytorch,,,,
pangeamt-tea,5,pytorch,,,,
leidenmark,5,pytorch,,,,
vs-debandshit,5,pytorch,,,,
pybpod,5,pytorch,,,,
debandshit,5,pytorch,,,,
optimizer-ratings,5,pytorch,,,,
timemachines,5,pytorch,,,,
latechclfl2020besnier,5,pytorch,,,,
westac-parlaclarin-pipeline,5,pytorch,,,,
NREL-reVX,6,pytorch,DR,Other,,Geography
monk-cls-test1,2,mxnet,,,,
treform,2,mxnet,,,,
onnx-mxnet,2,mxnet,,,,
tmnt-WELLNER,2,mxnet,,,,
monk-obj-test1,2,mxnet,,,,
monk-cpu-test,2,mxnet,,,,
minpy,2,mxnet,,,,
monk-cpu,2,mxnet,,,,
monk-gluon-cpu-test,2,mxnet,,,,
turicreate,2,mxnet,,,,
robotathome,2,mxnet,,,,
elit,2,mxnet,,,,
monk-gluon-cpu,2,mxnet,,,,
datawig,2,mxnet,,,,
gxdltk,2,mxnet,,,,
monk-gluon-cuda102-test,2,mxnet,,,,
mxnet-to-coreml,2,mxnet,,,,
huf-aicv-detor,2,mxnet,,,,
monk-gluon-cuda102,2,mxnet,,,,
cnstd,2,mxnet,,,,
tmnt-cu101,2,mxnet,,,,
mxnet-model-server,2,mxnet,,,,
pyTextMiner,2,mxnet,,,,
monk-cuda102,2,mxnet,,,,
mxnet-coreml-converter,2,mxnet,,,,
TKT,2,mxnet,,,,
sockeye,2,mxnet,,,,
mxboard,2,mxnet,,,,
XKT,2,mxnet,,,,
openml-mxnet,2,mxnet,,,,
wikifaces,2,mxnet,,,,
gluonts,2,mxnet,,,,
monk-cuda92,2,mxnet,,,,
nprintml,2,mxnet,,,,
spaco,2,mxnet,,,,
vineyard-ml,2,mxnet,,,,
tensorly,2,mxnet,,,,
monk-cuda101-test,2,mxnet,,,,
mxnet-donkeycar,2,mxnet,,,,
monk-colab,2,mxnet,,,,
cnocr,2,mxnet,,,,
SDDect,2,mxnet,,,,
sktmls,2,mxnet,,,,
ai-graphics,2,mxnet,,,,
monk-test1,2,mxnet,,,,
wikifaces-tford5,2,mxnet,,,,
tmnt,2,mxnet,,,,
h3mlcore,2,mxnet,,,,
ai-graphics-gpu,2,mxnet,,,,
Codemao,2,mxnet,,,,
mxop,2,mxnet,,,,
monk-cuda92-test,2,mxnet,,,,
mlmodels,2,mxnet,,,,
bert-embedding,2,mxnet,,,,
monk-gluon-cuda92,2,mxnet,,,,
model-performance-investigator,2,mxnet,,,,
forecastga,2,mxnet,,,,
SDD,2,mxnet,,,,
monk-gluon-cuda92-test,2,mxnet,,,,
monk-gluon-cuda101,2,mxnet,,,,
atlinter,2,mxnet,,,,
trueface-server,2,mxnet,,,,
mxnet-model-server,3,mxnet,,,,
ndlearn,3,mxnet,,,,
corcondia,3,mxnet,,,,
cca-zoo,3,mxnet,,,,
sockeye-serving,3,mxnet,,,,
ocrpackage,3,mxnet,,,,
ocrpack,3,mxnet,,,,
mltronsAutoDataPrep,3,mxnet,,,,
cell2cell,3,mxnet,,,,
pykale,3,mxnet,,,,
board-game-recommender,3,mxnet,,,,
cpsplines,3,mxnet,,,,
iimpute,3,mxnet,,,,
mlmodels,3,mxnet,,,,
yonlu,3,mxnet,,,,
pyvidcompress,3,mxnet,,,,
spaco,3,mxnet,,,,
tensorly-quantum,3,mxnet,,,,
sockeye-serving,4,mxnet,,,,
fleet-lightning,2,paddlepaddle,NDR,Training,,
fleet-x,2,paddlepaddle,NDR,Training,,
paddle-edl,2,paddlepaddle,NDR,Deployment,,
paddle-fl,2,paddlepaddle,NDR,Privacy,,
paddle-propeller,2,paddlepaddle,NDR,Framework,,
paddle-quantum,2,paddlepaddle,DR,Other,,Quantum
paddle-rec,2,paddlepaddle,DR,RecSys,,
paddle-serving-client,2,paddlepaddle,NDR,Deployment,,
paddle-serving-server,2,paddlepaddle,NDR,Deployment,,
paddle-serving-server-gpu,2,paddlepaddle,NDR,Deployment,,
paddleocr-sabhi,2,paddlepaddle,\,,,
paddlepalm,2,paddlepaddle,DR,NLP,,
paddlevideo,2,paddlepaddle,DR,CV,,
ppvideo,2,paddlepaddle,\,,,
sabhiocr-server,2,paddlepaddle,\,,,
ddparser,2,paddlepaddle,DR,NLP,,
fleet-rec,2,paddlepaddle,NDR,Training,,
idsegmenter,2,paddlepaddle,\,,,
matatron,2,paddlepaddle,\,,,
paddle-aistudio,2,paddlepaddle,NDR,Framework,,
paddle-tokenizer,2,paddlepaddle,DR,NLP,,
ppcd,2,paddlepaddle,DR,Other,,Geography
pydp,2,paddlepaddle,NDR,Data,,
pyunit-ner,2,paddlepaddle,DR,NLP,,
qashi,2,paddlepaddle,\,,,
rasa-contrib,2,paddlepaddle,DR,NLP,,
sabhi-utils,2,paddlepaddle,\,,,
sabhidoctools,2,paddlepaddle,\,,,
sabhiocr-module,2,paddlepaddle,\,,,
textanalyzer,2,paddlepaddle,DR,NLP,,
vision-ui,2,paddlepaddle,DR,CV,,
paddle-aistudio-gpu,2,paddlepaddle,NDR,Framework,,
paddletools,2,paddlepaddle,NDR,Wrapper,,
sabhiocr-server,2,paddlepaddle,,,,
paddle-serving-server,3,paddlepaddle,NDR,Deployment,,
paddle-serving-server-gpu,3,paddlepaddle,NDR,Deployment,,
id-segmenter,3,paddlepaddle,\,,,
idsegmenter,3,paddlepaddle,\,,,
matatron,3,paddlepaddle,\,,,
qashi,3,paddlepaddle,\,,,
HEBO-mindspore,2,mindspore,NDR,Optimization,,
READ-mindspore,2,mindspore,DR,Other,,AD
tinyms,2,mindspore,NDR,Framework,,
